oracle_lag,final_bad_debt_rate,final_liquidatable_rate_end
0,0.0018176885979975376,0.0982
2,0.04684658721465433,0.4802
